NPersonal,estadoFinalizado,calificacion,puntaje,IDCurso
3479164,0,,0.0,FINSA-FLL-027
3488758,1,No apto,10.0,ADN02
3485764,0,,0.0,ADN02
3481247,1,Apto,89.0,CME2270
3479009,1,Apto,100.0,CME2270
3479131,1,Apto,100.0,CME2270
3482577,1,Apto,100.0,CME2270
3479164,1,Apto,79.0,CME2270
3481217,0,,0.0,CME2270
3480201,1,Apto,91.0,CT0016
3479002,1,Apto,90.0,CT0016
3483833,1,Apto,90.0,HME2607
3482308,1,Apto,80.0,HME2607
3482703,1,Apto,81.0,HME2607
3483834,1,Apto,80.0,HME2607
3484587,1,Apto,86.0,CME1303
3484067,1,Apto,86.0,CME1303
3477873,1,Apto,86.0,CME1303
3482308,1,Apto,82.0,CME1302
3482703,1,Apto,83.0,CME1302
3483834,1,Apto,0.0,CME1302
3477873,1,Apto,94.0,CME1302
3479202,1,Apto,100.0,HME0078
3484587,1,Apto,80.0,HME2108
3477873,1,Apto,95.0,HME2108
3484096,1,Apto,90.0,HME2108
3484067,1,Apto,90.0,HME2108
3484033,1,Apto,95.0,HME2108
3482577,1,Apto,90.0,HME2108
3479002,1,Apto,90.0,HME2108
3482577,0,,0.0,HME2108
3484587,1,Apto,95.0,HME2096
3484033,1,Apto,95.0,HME2096
3477873,1,Apto,100.0,HME2096
3484067,1,Apto,95.0,HME2096
3484096,1,Apto,100.0,HME2096
3479002,1,Apto,100.0,HME2096
3484056,1,Apto,100.0,HME2096
3480123,1,Apto,100.0,HME2119
3479164,1,Apto,95.0,HME2119
3479131,1,Apto,90.0,HME2119
3481247,1,Apto,85.0,HME2116
3480123,1,Apto,90.0,HME2116
3479009,1,Apto,90.0,HME2116
3479164,1,Apto,90.0,HME2116
3479131,1,Apto,90.0,HME2116
3480123,1,Apto,85.0,HME2113
3484096,1,Apto,85.0,HME2113
3481247,1,Apto,90.0,HME2113
3479131,1,Apto,100.0,HME2113
3480211,1,Apto,100.0,HME2113
3481247,1,Apto,100.0,HME2114
3479131,1,Apto,100.0,HME2114
3479164,1,Apto,100.0,HME2114
3480123,1,Apto,90.0,HME2115
3479002,1,Apto,90.0,HME2115
3482577,1,Apto,95.0,HME2115
3481247,1,Apto,95.0,HME2115
3479131,1,Apto,100.0,HME2115
3482894,1,Apto,100.0,HME2097
3484056,1,Apto,85.0,HME2101
3484587,1,Apto,90.0,HME2101
3482577,1,Apto,100.0,HME2101
3482577,0,,100.0,HME2101
3480123,1,Apto,100.0,HME2120
3479164,1,Apto,95.0,HME2120
3482808,0,,0.0,
3480123,1,Apto,100.0,HME0449
3479164,1,Apto,80.0,HME0449
3481247,1,Apto,85.0,HME0449
3479131,1,Apto,100.0,HME0449
3481247,0,,0.0,HME0449
3484397,1,Apto,95.0,HME2060
3481247,1,No apto,53.0,HME2060
3480211,1,Apto,95.0,HME2060
3479131,1,Apto,100.0,HME2060
3479164,1,Apto,90.0,HME2060
3483834,1,Apto,70.0,HME2060
3483833,1,Apto,85.0,HME2060
3488758,1,Apto,100.0,CPR0050
3481217,1,Apto,100.0,SOPTE19
3479514,1,Apto,100.0,SOPTE19
3481217,1,Apto,100.0,SOPTE20
3479514,1,Apto,100.0,SOPTE20
3478962,1,Apto,100.0,CATCT793F
3483833,1,Apto,95.0,HME2608
3483834,1,Apto,100.0,HME2608
3482308,1,Apto,100.0,HME2608
3482894,1,Apto,71.0,HME1222
3481247,1,Apto,80.0,HME1222
3484033,1,Apto,71.0,HME1222
3484587,1,Apto,70.0,HME1222
3484056,1,Apto,70.0,HME1222
3477873,1,Apto,85.0,HME1222
3482703,1,Apto,91.66,CAD00424
3479287,1,Apto,91.66,CAD00424
3479009,1,Apto,83.33,CAD00424
3480123,1,Apto,100.0,CAD00424
3479189,1,Apto,91.66,CAD00424
3480184,1,Apto,83.33,CAD00424
3481099,1,Apto,100.0,CAD00424
3479459,1,Apto,100.0,CAD00424
3479202,1,Apto,100.0,CAD00424
3478195,1,No apto,75.0,CAD00424
3482894,1,Apto,100.0,CAD00424
3479261,1,Apto,100.0,CAD00424
3479266,1,Apto,100.0,CAD00424
3480944,1,Apto,100.0,CAD00424
3479182,1,Apto,100.0,CAD00424
3482863,1,Apto,91.66,CAD00424
3483156,1,Apto,91.66,CAD00424
3481104,1,Apto,100.0,CAD00424
3482894,1,No apto,16.66,CAD00424
3484033,1,Apto,91.66,CAD00424
3485764,1,Apto,83.33,CAD00424
3482808,1,Apto,100.0,CAD00424
3477878,1,Apto,100.0,CAD00424
3484067,1,Apto,91.66,CAD00424
3482577,1,Apto,100.0,CAD00424
3479131,1,Apto,91.66,CAD00424
3479164,1,Apto,100.0,CAD00424
3482354,1,Apto,83.33,CAD00424
3479445,1,No apto,75.0,CAD00424
3481128,1,Apto,83.33,CAD00424
3481128,1,No apto,75.0,CAD00424
3484134,1,Apto,100.0,CAD00424
3484134,1,No apto,75.0,CAD00424
3482308,1,Apto,100.0,CAD00424
3484207,1,Apto,91.66,CAD00424
3481217,1,Apto,83.33,CAD00424
3484098,1,Apto,91.66,CAD00424
3484035,1,Apto,91.66,CAD00424
3479445,1,No apto,75.0,CAD00424
3480579,1,Apto,100.0,CAD00424
3477873,1,Apto,83.33,CAD00424
3483834,1,Apto,91.66,CAD00424
3480201,1,Apto,100.0,CAD00424
3483814,1,Apto,91.66,CAD00424
3477848,1,Apto,100.0,CAD00424
3483833,1,Apto,100.0,CAD00424
3484397,1,Apto,100.0,CAD00424
3479511,1,Apto,91.66,CAD00424
3488758,1,Apto,100.0,CAD00424
3482847,1,Apto,83.33,CAD00424
3480211,1,Apto,100.0,CAD00424
3482703,1,Apto,91.66,CAD00424
3479514,1,Apto,100.0,CAD00424
3481247,0,,0.0,CAD00424
3481099,1,Apto,83.33,CAD00424
3479511,0,,41.66,CAD00424
3478962,1,,0.0,CAD00424
3479009,1,,0.0,CAD00424
3482577,1,,0.0,CAD00424
3488758,1,,0.0,CAD00424
3479459,1,,0.0,CAD00424
3480123,1,,0.0,CAD00424
3480184,1,,0.0,CAD00424
3480579,1,Apto,91.66,CAD00424
3479009,1,,0.0,CAD00424
3483814,1,,0.0,CAD00424
3482577,0,,0.0,CAD00424
3478927,1,,0.0,CAD00424
3478927,0,,0.0,CAD00424
3479287,1,,0.0,CAD00424
3482577,0,,0.0,CAD00424
3479164,1,,0.0,CAD00424
3482847,1,,0.0,CAD00424
3484587,1,,0.0,CAD00424
3479002,1,,0.0,CAD00424
3479445,1,,0.0,CAD00424
3484033,1,,0.0,CAD00424
3484096,1,,0.0,CAD00424
3484067,1,Apto,83.33,CAD00424
3481104,1,,0.0,CAD00424
3483156,1,Apto,83.33,CAD00424
3479182,1,,0.0,CAD00424
3482863,1,,0.0,CAD00424
3482894,1,,0.0,CAD00424
3484098,1,,0.0,CAD00424
3479189,1,,0.0,CAD00424
3479266,1,,0.0,CAD00424
3481128,1,,0.0,CAD00424
3480944,1,,0.0,CAD00424
3477878,1,,0.0,CAD00424
3482808,1,,0.0,CAD00424
3484035,1,,0.0,CAD00424
3484397,1,,0.0,CAD00424
3480211,1,,0.0,CAD00424
3477873,1,,0.0,CAD00424
3482354,1,,0.0,CAD00424
3479511,1,,0.0,CAD00424
3481217,1,,0.0,CAD00424
3479131,1,Apto,91.66,CAD00424
3479514,1,,0.0,CAD00424
3484207,1,,0.0,CAD00424
3477848,1,,0.0,CAD00424
3479261,1,,0.0,CAD00424
3480579,1,,0.0,CAD00424
3477873,1,,0.0,CAD00424
3480201,1,,0.0,CAD00424
3479202,1,,0.0,CAD00424
3483833,1,,0.0,CAD00424
3483834,1,,0.0,CAD00424
3482308,1,,0.0,CAD00424
3484056,1,,0.0,CAD00424
3478195,1,,0.0,CAD00424
3484134,1,,0.0,CAD00424
3482703,1,,0.0,CAD00424
3477873,1,,0.0,CAD00424
3482308,1,,0.0,CAD00424
3477878,1,,0.0,CAD00424
3478962,1,,0.0,CAD00424
3480579,1,,0.0,CAD00424
3482354,1,,0.0,CAD00424
3482577,1,,0.0,CAD00424
3482847,1,,0.0,CAD00424
3484134,1,,0.0,CAD00424
3477848,1,,0.0,CAD00424
3481099,1,,0.0,CAD00424
3482863,1,,0.0,CAD00424
3483156,1,,0.0,CAD00424
3479002,1,,0.0,CAD00424
3479511,1,,0.0,CAD00424
3479514,1,,0.0,CAD00424
3481104,1,,0.0,CAD00424
3484207,1,,0.0,CAD00424
3479009,1,,0.0,CAD00424
3479261,1,,0.0,CAD00424
3479266,1,,0.0,CAD00424
3480944,1,,0.0,CAD00424
3481128,1,,0.0,CAD00424
3482703,1,,0.0,CAD00424
3482894,1,,0.0,CAD00424
3484033,1,,0.0,CAD00424
3484035,1,,0.0,CAD00424
3484587,1,,0.0,CAD00424
3479131,1,,0.0,CAD00424
3479287,1,,0.0,CAD00424
3480123,1,,0.0,CAD00424
3480184,1,,0.0,CAD00424
3484056,1,,0.0,CAD00424
3484397,1,,0.0,CAD00424
3480201,1,,0.0,CAD00424
3481217,1,Apto,81.81,CAD00424
3483814,1,,0.0,CAD00424
3484067,1,,0.0,CAD00424
3479164,1,,0.0,CAD00424
3479445,1,,0.0,CAD00424
3480211,1,,0.0,CAD00424
3481247,1,,0.0,CAD00424
3483834,1,,0.0,CAD00424
3483833,1,,0.0,CAD00424
3484096,1,,0.0,CAD00424
3484098,1,,0.0,CAD00424
3478195,1,,0.0,CAD00424
3478927,1,,0.0,CAD00424
3479182,1,,0.0,CAD00424
3479189,1,,0.0,CAD00424
3479202,1,,0.0,CAD00424
3479459,1,,0.0,CAD00424
3482808,1,,0.0,CAD00424
3481099,1,Apto,90.0,CG21
3479002,0,,0.0,
3479189,1,Apto,80.0,HME1298
3482577,1,Apto,70.0,HME1298
3482577,1,No apto,33.0,HME1298
3479002,1,Apto,93.0,HME1298
3481247,1,Apto,73.0,HME1298
3478962,1,Apto,70.0,HME0929
3479182,1,Apto,80.0,HME0921
3480123,1,Apto,95.0,HME0921
3484587,1,Apto,80.0,HME0921
3483833,1,Apto,90.0,HME0921
3483834,1,Apto,70.0,HME0921
3482894,1,Apto,90.0,HME0921
3484033,1,Apto,90.0,HME0921
3484056,1,Apto,100.0,HME0921
3477873,1,Apto,80.0,HME0921
3480184,1,Apto,86.0,HME0930
3479131,1,Apto,83.0,HME0150
3479131,1,Apto,83.0,HME0150
3488758,1,Apto,100.0,
3484033,0,,0.0,
3478927,1,Apto,100.0,
3478962,1,Apto,100.0,
3479002,1,Apto,100.0,
3479009,1,Apto,90.0,
3479131,1,Apto,90.0,
3479164,1,Apto,100.0,
3479182,1,Apto,100.0,
3479189,1,Apto,80.0,
3479202,1,Apto,80.0,
3477848,1,Apto,90.0,
3477873,1,Apto,90.0,
3477878,1,Apto,90.0,
3479266,1,Apto,100.0,
3479261,1,Apto,90.0,
3479287,1,Apto,90.0,
3478195,1,Apto,100.0,
3479445,1,Apto,90.0,
3479459,1,Apto,80.0,
3479514,1,Apto,100.0,
3479511,1,Apto,100.0,
3480123,1,Apto,80.0,
3480184,1,Apto,100.0,
3480201,1,Apto,100.0,
3480211,1,Apto,90.0,
3480579,1,Apto,100.0,
3480944,1,Apto,90.0,
3481099,1,Apto,90.0,
3481104,1,Apto,90.0,
3481128,1,Apto,100.0,
3481217,1,Apto,100.0,
3481247,1,Apto,100.0,
3482308,1,Apto,100.0,
3482354,1,Apto,90.0,
3482577,1,Apto,80.0,
3482703,1,Apto,100.0,
3482808,1,Apto,100.0,
3482847,1,Apto,100.0,
3482863,1,Apto,90.0,
3482894,1,Apto,100.0,
3483156,1,Apto,90.0,
3483814,1,Apto,90.0,
3483833,1,Apto,100.0,
3483834,1,Apto,100.0,
3484033,1,Apto,90.0,
3484035,1,Apto,100.0,
3484056,1,Apto,100.0,
3484067,1,Apto,90.0,
3484096,1,Apto,100.0,
3484098,1,Apto,90.0,
3484134,1,Apto,90.0,
3484207,1,Apto,100.0,
3484397,1,Apto,100.0,
3484587,1,Apto,80.0,
3481099,1,Apto,0.0,SOPTE14
3488758,1,Apto,83.0,PPR01
3485764,1,Apto,83.0,PPR01
3484587,0,,0.0,PPR01
3484056,1,Apto,83.0,PPR01
3478962,0,,50.0,PPR01
3477848,1,Apto,100.0,PPR01
3479266,1,Apto,100.0,PPR01
3483834,1,Apto,100.0,PPR01
3479445,1,Apto,100.0,PPR01
3484397,1,Apto,75.0,HME2109
3483834,1,Apto,93.0,HME2109
3483833,1,Apto,80.0,HME2109
3483833,1,Apto,100.0,HME2605
3483834,1,Apto,90.0,HME2605
3482308,1,Apto,90.0,HME2605
3482308,1,No apto,0.0,HME2605
3482308,1,Apto,94.0,HME2605
3483833,1,Apto,85.0,HME2603
3483834,1,Apto,83.0,HME2603
3485764,1,Apto,86.0,HME1069
3477848,1,Apto,86.0,HME1069
3481128,1,Apto,100.0,HME1069
3484397,1,Apto,78.0,HME1069
3484397,1,Apto,90.0,HME2600
3483833,1,Apto,75.0,HME2600
3484134,1,Apto,90.0,HME2609
3484134,1,Apto,100.0,HME2613
3483833,1,Apto,100.0,HME2604
3483834,1,Apto,93.0,HME2604
3482308,1,Apto,87.0,HME2604
3484134,1,Apto,100.0,HME2610
3484397,1,Apto,90.0,HME2601
3483833,1,Apto,87.0,HME2601
3483834,1,Apto,75.0,HME2601
3483833,1,Apto,87.0,HME2601
3483833,1,Apto,87.0,HME2601
3483834,1,Apto,76.0,HME2606
3482308,1,Apto,70.0,HME2606
3482847,1,Apto,90.0,HME2093
3482894,1,Apto,90.0,HME2093
3484587,1,Apto,90.0,HME2107
3479002,1,Apto,85.0,HME2107
3482577,1,Apto,100.0,HME2107
3484587,1,Apto,90.0,HME2104
3482577,0,,0.0,HME2104
3482577,1,Apto,85.0,HME2104
3479002,1,Apto,100.0,HME2104
3484033,1,Apto,100.0,HME2112
3477873,1,Apto,95.0,HME2112
3484056,1,Apto,90.0,HME2112
3484587,1,Apto,95.0,HME2112
3484587,0,,0.0,HME2112
3482577,1,Apto,90.0,HME2112
3484096,1,Apto,95.0,HME2112
3479002,1,Apto,100.0,HME2112
3484067,1,Apto,90.0,HME2112
3484067,1,Apto,95.0,HME2103
3477873,1,Apto,95.0,HME2103
3484587,1,Apto,90.0,HME2103
3479445,0,,0.0,HME2095
3477873,1,Apto,90.0,HME2083
3484056,1,Apto,95.0,HME2083
3484067,1,Apto,95.0,HME2083
3484033,1,Apto,85.0,HME2083
3484587,1,Apto,90.0,HME2083
3482894,1,Apto,95.0,HME0656
3479189,1,Apto,90.0,HME0656
3483833,1,Apto,90.0,HME0317
3483834,1,Apto,95.0,HME0317
3484587,1,Apto,75.0,HME0317
3477873,1,Apto,75.0,HME0317
3484096,1,Apto,85.0,HME0317
3484067,1,Apto,82.0,HME0317
3484056,1,Apto,80.0,HME0317
3480201,1,Apto,95.0,HME0317
3484033,1,Apto,90.0,HME0317
3479002,1,Apto,100.0,HME0317
3484067,1,Apto,90.0,HME2063
3484056,1,Apto,85.0,HME2063
3484587,1,Apto,90.0,HME2063
3484033,1,Apto,90.0,HME2063
3484096,1,Apto,95.0,HME2063
3477873,1,Apto,90.0,HME2063
3480123,1,Apto,90.0,HME2125
3479002,1,Apto,85.0,HME2125
3479002,1,Apto,40.0,HME2125
3481247,1,Apto,95.0,HME2125
3479131,1,Apto,100.0,HME2125
3479164,1,Apto,100.0,HME2131
3481247,1,No apto,40.0,HME2131
3480211,1,Apto,90.0,HME2131
3479131,1,Apto,95.0,HME2131
3480123,1,Apto,80.0,HME2122
3481247,1,Apto,80.0,HME2122
3479002,1,Apto,75.0,HME2111
3480123,1,Apto,80.0,HME2111
3481247,1,Apto,85.0,HME2111
3479131,1,Apto,80.0,HME2111
3484067,1,Apto,70.0,HME2106
3477873,1,Apto,100.0,HME2106
3482577,1,Apto,75.0,HME2106
3479002,1,Apto,90.0,HME2106
3479002,0,,0.0,HME2106
3482577,0,,0.0,HME2106
3477873,1,Apto,85.0,HME2105
3484587,1,Apto,75.0,HME2105
3482577,1,Apto,85.0,HME2105
3479002,1,Apto,95.0,HME2105
3480123,1,Apto,75.0,HME2121
3481247,1,Apto,70.0,HME2121
3479131,1,Apto,90.0,HME2121
3482577,1,Apto,75.0,HME2099
3479002,1,Apto,80.0,HME2099
3479459,1,Apto,100.0,HME4008
3485764,1,Apto,90.0,HME0924
3480123,1,Apto,100.0,HME0924
3480579,1,Apto,100.0,HME0924
3478962,1,Apto,100.0,HME0924
3479202,1,Apto,100.0,HME0924
3483814,0,,0.0,CAD00458
3484134,1,,0.0,EES_ESP_V8
3479164,1,,0.0,EES_ESP_V8
3479445,0,,0.0,EES_ESP_V8
3479445,1,,0.0,EES_ESP_V8
3480201,1,,0.0,EES_ESP_V8
3479202,1,,0.0,EES_ESP_V8
3482354,1,,0.0,EES_ESP_V8
3488758,1,,0.0,EES_ESP_V8
3481247,1,,0.0,EES_ESP_V8
3480579,0,,0.0,EES_ESP_V8
3479202,1,,0.0,EES_ESP_V8
3479287,1,,0.0,EES_ESP_V8
3477873,1,,0.0,EES_ESP_V8
3479445,1,,0.0,EES_ESP_V8
3479131,1,,0.0,EES_ESP_V8
3484067,1,,0.0,EES_ESP_V8
3484397,1,,0.0,EES_ESP_V8
3482577,1,,0.0,EES_ESP_V8
3480123,1,Apto,85.0,HME1356
3480123,1,Apto,90.0,HME0051
3479189,1,Apto,85.0,HME0050
3480123,1,Apto,85.0,HME0050
3479445,1,Apto,85.0,HME0050
3482847,1,Apto,90.0,HME0158
3482847,1,No apto,30.0,HME0158
3482847,1,No apto,30.0,HME0158
3477848,1,Apto,90.0,HME1167
3477848,0,No apto,70.0,HME1168
3477848,1,Apto,100.0,HME1170
3485764,1,Apto,80.0,HME1175
3477848,1,Apto,80.0,HME1175
3485764,1,Apto,90.0,HME1176
3477848,1,Apto,80.0,HME1176
3477848,1,Apto,80.0,HME1179
3477848,1,Apto,80.0,HME1180
3485764,1,Apto,100.0,HME1181
3477848,1,Apto,80.0,HME1181
3477848,1,Apto,80.0,HME1182
3477848,1,Apto,80.0,HME1185
3485764,1,Apto,100.0,HME1150
3477848,1,Apto,90.0,HME1150
3485764,1,Apto,100.0,HME1026
3477848,1,Apto,80.0,HME1026
3485764,1,Apto,90.0,HME1027
3477848,1,Apto,90.0,HME1027
3485764,1,Apto,90.0,HME1028
3477848,1,Apto,90.0,HME1028
3485764,1,Apto,100.0,HME1029
3477848,1,Apto,89.0,HME1029
3485764,1,,0.0,HME1151
3477848,1,,0.0,HME1151
3477848,1,,0.0,HME1151
3485764,1,,0.0,HME1036
3477848,1,,0.0,HME1036
3477848,1,,0.0,HME1036
3477848,1,,0.0,HME1036
3485764,1,Apto,100.0,HME1030
3477848,1,Apto,80.0,HME1030
3485764,1,Apto,90.0,HME1037
3477848,1,Apto,90.0,HME1037
3485764,1,Apto,100.0,HME1031
3477848,1,Apto,90.0,HME1031
3485764,1,Apto,90.0,HME1032
3477848,1,Apto,80.0,HME1032
3485764,1,Apto,80.0,HME1033
3477848,1,Apto,90.0,HME1033
3485764,1,Apto,80.0,HME1152
3477848,1,Apto,100.0,HME1152
3485764,1,Apto,80.0,HME1034
3477848,0,No apto,50.0,HME1034
3485764,1,Apto,80.0,HME1153
3477848,1,Apto,80.0,HME1153
3485764,1,Apto,100.0,HME1038
3477848,1,Apto,80.0,HME1038
3485764,1,,0.0,HME0098
3477848,1,,0.0,HME0098
3485764,1,Apto,90.0,HME1155
3485764,1,Apto,100.0,HME0325
3477848,0,No apto,70.0,HME0325
3485764,1,Apto,80.0,HME1035
3477848,1,Apto,80.0,HME1035
3484067,1,Apto,90.0,HME1035
3485764,1,Apto,100.0,HME1157
3477848,1,Apto,80.0,HME1157
3485764,1,Apto,100.0,HME1158
3485764,1,Apto,90.0,HME1159
3477848,1,Apto,100.0,HME1159
3485764,1,Apto,90.0,HME1160
3477848,1,Apto,80.0,HME1160
3485764,1,Apto,90.0,HME1161
3477848,1,Apto,90.0,HME1161
3485764,1,Apto,80.0,HME1162
3477848,1,Apto,80.0,HME1162
3484067,1,Apto,100.0,HME1162
3485764,1,Apto,80.0,HME0628
3477848,1,Apto,100.0,HME0628
3485764,1,Apto,80.0,HME0629
3477848,1,Apto,100.0,HME0629
3484067,1,Apto,100.0,HME0629
3480123,1,Apto,90.0,HME1334
3482863,1,Apto,81.0,CO00064
3481104,1,Apto,97.0,CO00064
3482808,1,Apto,93.0,CO00064
3477848,1,Apto,95.0,CO00064
3482577,1,Apto,100.0,CO00064
3479002,1,Apto,98.0,CO00064
3481128,1,Apto,95.0,CO00064
3479182,1,Apto,97.0,CO00064
3482863,1,Apto,97.0,CO00064
3482894,1,Apto,97.0,CO00064
3483833,1,Apto,100.0,CO00064
3482354,1,Apto,100.0,CO00064
3480201,1,Apto,97.0,CO00064
3482308,1,Apto,97.0,CO00064
3480944,1,Apto,95.0,CO00064
3482577,0,,0.0,OSP-BMT-39
3479189,1,Apto,90.0,INT25
3479009,1,Apto,75.0,INT25
3480123,1,Apto,75.0,INT25
3480184,1,Apto,90.0,INT25
3478962,0,,0.0,FPSMINCAM5
3482577,0,,0.0,FPSCRCN3
3478962,0,,0.0,FPSCRCN6
3479002,0,,0.0,FPSCRCPP2
3479002,0,,0.0,FPSCRCPT3
3479261,0,,0.0,FPSCRCPTN3
3480123,0,,0.0,FPSCRCPTN3
3481247,0,,0.0,FPSCRCPTN3
3479202,0,,0.0,FPSCRCPTN3
3482577,0,,0.0,FPSCRCPTN3
3479445,0,,0.0,FPSCRCPTN3
3479164,1,,0.0,FPSCRCPTN3
3479002,0,,0.0,FPSCRCPTN3
3479131,1,,0.0,FPSCRCPTN3
3479009,0,,0.0,FPSCRCPTN3
3479189,0,,0.0,FPSCRCPT2
3480123,0,,0.0,FPSCRCPT2
3479445,0,,0.0,FPSCRCPT2
3481247,1,,0.0,FPSCRCPT2
3477878,0,,0.0,FPSCRCPTN2
3481247,0,,0.0,FPSCRCPTN2
3484033,0,,0.0,FPSCRCPTN2
3482894,0,,0.0,FPSCRCPTN2
3484587,0,,0.0,FPSCRCPTN2
3479266,0,,0.0,FPSCRCPTN2
3479002,1,,0.0,FPSCRCPTN2
3484098,0,,0.0,FPSCRCPTN2
3484067,0,,0.0,FPSCRCPTN2
3484035,0,,0.0,FPSCRCPTN2
3480201,0,,0.0,FPSCRCPTN2
3484056,0,,0.0,FPSCRCPTN2
3479002,1,,0.0,FPSCRCPTN2
3477873,0,,0.0,FPSCRCPTN2
3482577,1,,0.0,FPSCRCPTN2
3481099,0,,0.0,FPSCRCPTN2
3484096,0,,0.0,FPSCRCPTN2
3481128,0,,0.0,FPSCRCPT1
3483156,0,,0.0,FPSCRCPTN1
3479182,0,,0.0,FPSCRCPTN1
3482847,0,,0.0,FPSCRCPTN1
3481104,0,,0.0,FPSCRCPTN1
3478195,0,,0.0,FPSCRCPTN1
3482808,0,,0.0,FPSCRCPTN1
3479002,0,,0.0,FPSCRCPTN1
3482894,0,,0.0,FPSCRCPTN1
3478962,0,,0.0,FPSCRCPTN6
3480184,0,,0.0,FPSCRCPTN6
3479002,0,,0.0,FPSCRCPTN6
3480184,1,,0.0,FPSCRCPT5
3479164,0,,0.0,FPSCRCPTN5
3479131,0,,0.0,FPSCRCPTN5
3478962,0,,0.0,FPSCRCPTN5
3479002,0,,0.0,FPSCRCPTN5
3481247,0,,0.0,FPSCRCPT4
3481247,0,,0.0,FPSCRCPTN4
3480211,0,,0.0,FPSCRCPTN4
3479164,0,,0.0,FPSCRCPTN4
3479002,0,,0.0,FPSCRCPTN4
3479131,1,,0.0,FPSCRCPTN4
3479002,0,,0.0,FPSCRCPTN7
3479459,1,,0.0,FPSCRCPTN7
3482354,0,,0.0,FPSCRCPTN7
3484397,1,,0.0,FPSMINEND2
3479002,0,,0.0,FPSMINEND2
3483834,1,,0.0,FPSMINEND2
3483833,1,,0.0,FPSMINEND2
3485764,1,,0.0,FPSMINEND1
3485764,1,,0.0,FPSMINEND1
3485764,1,,0.0,FPSMINEND1
3485764,1,,0.0,FPSMINEND1
3485764,1,,0.0,FPSMINEND1
3485764,1,,0.0,FPSMINEND1
3484397,1,,0.0,FPSMINEND1
3477848,0,,0.0,FPSMINEND1
3482308,0,,0.0,FPSMINEND5
3484134,0,,0.0,FPSMINEND5
3483814,0,,0.0,FPSMINEND5
3483834,0,,0.0,FPSMINEND4
3482703,0,,0.0,FPSMINEND4
3482308,1,,0.0,FPSMINEND4
3483833,0,,0.0,FPSMINEND4
3479202,0,,0.0,FPSMIN3
3479002,0,,0.0,FPSMINPALOK3
3480579,0,,0.0,FPSMINTT5
3479002,1,Apto,85.0,HME2118
3480123,1,Apto,90.0,HME2118
3481247,1,Apto,80.0,HME2118
3479445,1,Apto,75.0,HME2118
3479131,1,Apto,85.0,HME2118
3479164,1,Apto,80.0,HME2118
3479164,1,No apto,30.0,HME2118
3478962,1,Apto,80.0,CT0196
3481247,1,Apto,90.0,CME0970
3484033,1,Apto,89.0,CME0970
3481217,1,Apto,91.0,CME0970
3479002,1,Apto,97.0,CME0970
3484056,0,No apto,0.0,CME0970
3479202,1,Apto,75.0,CMEF15A0092
3481247,1,Apto,91.0,CME0080
3479131,1,Apto,91.0,CME0080
3480211,1,Apto,86.0,CME0080
3482894,1,Apto,100.0,HME2092
3484587,1,Apto,70.0,HME2092
3483833,1,Apto,93.0,HME2092
3483834,1,Apto,74.0,HME2092
3483834,1,Apto,91.0,DIT-001
3482703,1,Apto,82.0,DIT-001
3482577,1,Apto,91.0,DIT-001
3481217,1,Apto,100.0,DIT-001
3484067,1,Apto,82.0,DIT-001
3479459,1,Apto,82.0,DIT-001
3479202,1,Apto,82.0,DIT-001
3477873,1,Apto,82.0,DIT-001
3480201,1,Apto,91.0,DIT-001
3482577,1,Apto,100.0,DIT-001
3483834,1,Apto,82.0,DIT-001
3482703,1,Apto,91.0,DIT-001
3481217,1,Apto,100.0,DIT-001
3488758,1,Apto,82.0,DIT-001
3485764,0,,0.0,DIT-001
3480201,1,Apto,100.0,DIT-001
3482308,0,,0.0,DIT-001
3482354,0,,0.0,DIT-001
3482577,1,Apto,80.0,DIT-001
3482703,1,Apto,100.0,DIT-001
3482808,1,Apto,100.0,DIT-001
3482847,0,,0.0,DIT-001
3482863,0,,0.0,DIT-001
3482894,0,,0.0,DIT-001
3478927,0,,0.0,DIT-001
3478962,0,,0.0,DIT-001
3479002,0,,0.0,DIT-001
3479009,0,,0.0,DIT-001
3483156,0,,0.0,DIT-001
3479131,0,,0.0,DIT-001
3479164,0,,0.0,DIT-001
3479182,0,,0.0,DIT-001
3479189,1,Apto,91.0,DIT-001
3479202,1,Apto,80.0,DIT-001
3477848,1,Apto,91.0,DIT-001
3477873,1,Apto,80.0,DIT-001
3477878,0,,0.0,DIT-001
3479266,0,,0.0,DIT-001
3479261,0,,0.0,DIT-001
3479287,0,,0.0,DIT-001
3478195,0,,0.0,DIT-001
3479445,0,,0.0,DIT-001
3479459,1,Apto,100.0,DIT-001
3479511,1,Apto,82.0,DIT-001
3483814,1,Apto,82.0,DIT-001
3483833,1,Apto,91.0,DIT-001
3483834,1,Apto,80.0,DIT-001
3484033,1,Apto,80.0,DIT-001
3484035,0,,0.0,DIT-001
3484056,1,Apto,80.0,DIT-001
3484067,1,Apto,100.0,DIT-001
3484098,0,,0.0,DIT-001
3484096,0,,0.0,DIT-001
3484134,0,,0.0,DIT-001
3484207,0,,0.0,DIT-001
3484397,1,Apto,100.0,DIT-001
3480123,0,,0.0,DIT-001
3480184,0,,0.0,DIT-001
3480201,1,Apto,80.0,DIT-001
3480211,0,,0.0,DIT-001
3484587,0,,0.0,DIT-001
3480579,0,,0.0,DIT-001
3480944,0,,0.0,DIT-001
3481099,0,,0.0,DIT-001
3481104,0,,0.0,DIT-001
3481128,1,Apto,100.0,DIT-001
3481247,0,,0.0,DIT-001
3479514,1,Apto,100.0,DIT-001
3481217,1,Apto,100.0,DIT-001
3480184,1,Apto,88.0,HME1022
3485764,1,Apto,100.0,HME0519
3477848,1,Apto,100.0,HME0519
3484397,1,Apto,94.0,HME0519
3484587,1,Apto,90.0,HME0364
3483833,1,Apto,70.0,HME0364
3483834,1,Apto,70.0,HME0364
3482894,1,Apto,100.0,HME0364
3484067,1,Apto,70.0,HME0364
3484096,1,Apto,70.0,HME0364
3481128,1,Apto,100.0,HME0364
3484056,1,Apto,80.0,HME0364
3484033,1,Apto,80.0,HME0364
3482577,1,Apto,70.0,HME0364
3484397,1,Apto,90.0,HME0360
3478195,1,Apto,90.0,HME0360
3481128,1,Apto,100.0,HME0360
3483834,1,Apto,90.0,HME0360
3483833,1,Apto,100.0,HME0360
3477848,1,Apto,70.0,HME0358
3485764,1,Apto,80.0,HME0358
3481128,1,Apto,100.0,HME0358
3484397,1,Apto,80.0,HME0358
3485764,1,Apto,70.0,HME0359
3479445,1,Apto,100.0,HC12
3477873,1,Apto,100.0,HC12
3479131,1,Apto,100.0,HC12
3482863,1,Apto,100.0,HC12
3481128,1,Apto,100.0,HC12
3477878,1,Apto,100.0,HC12
3481099,1,Apto,100.0,HC12
3481247,1,Apto,100.0,HC12
3482577,1,Apto,100.0,HC12
3480201,1,Apto,90.0,HC12
3479202,1,Apto,100.0,HC12
3479287,1,Apto,100.0,HC12
3480579,1,Apto,100.0,HC12
3479266,1,Apto,90.0,HC12
3479261,1,Apto,100.0,HC12
3484035,1,Apto,90.0,HC12
3482894,1,Apto,100.0,HC12
3481104,1,Apto,100.0,HC12
3484098,1,Apto,100.0,HC12
3480944,1,Apto,100.0,HC12
3479002,0,,0.0,HC12
3484096,1,Apto,100.0,HC12
3484587,1,Apto,100.0,HC12
3482847,1,Apto,100.0,HC12
3484067,1,Apto,100.0,HC12
3478962,1,Apto,100.0,HC12
3482808,1,Apto,90.0,HC12
3478195,1,Apto,100.0,HC12
3479182,1,Apto,90.0,HC12
3484033,1,Apto,100.0,HC12
3484056,1,Apto,90.0,HC12
3479002,1,Apto,100.0,HC12
3482577,1,Apto,90.0,HC14
3481247,1,Apto,80.0,HC14
3479131,1,Apto,100.0,HC14
3480201,1,Apto,100.0,HC14
3479287,1,Apto,80.0,HC14
3484587,1,Apto,90.0,HC14
3479002,1,Apto,80.0,HC14
3484067,1,Apto,90.0,HC14
3479261,1,Apto,100.0,HC14
3482894,1,Apto,90.0,HC14
3481128,1,Apto,100.0,HC14
3480944,1,Apto,95.0,HC14
3479182,1,Apto,80.0,HC14
3479266,1,No apto,0.0,HC14
3479189,1,Apto,100.0,HC14
3479202,1,Apto,80.0,HC14
3480579,1,Apto,100.0,HC14
3482847,1,Apto,100.0,HC14
3484033,1,Apto,80.0,HC14
3484096,1,Apto,100.0,HC14
3478962,1,Apto,100.0,HC14
3484056,1,Apto,100.0,HC14
3481099,1,Apto,90.0,HC14
3477878,1,Apto,90.0,HC14
3482863,1,Apto,80.0,HC14
3484035,1,Apto,100.0,HC14
3482808,1,Apto,100.0,HC14
3478195,1,Apto,80.0,HC14
3479445,1,Apto,100.0,HC20
3484096,1,Apto,100.0,HC20
3479266,1,Apto,100.0,HC20
3484035,1,Apto,100.0,HC20
3479261,1,Apto,100.0,HC20
3480944,1,Apto,100.0,HC20
3482808,1,Apto,100.0,HC20
3482808,0,,0.0,HC20
3479266,0,,0.0,HC20
3477878,0,,0.0,HC20
3482894,0,,0.0,HC20
3480944,0,,0.0,HC20
3482863,0,,0.0,HC20
3479261,0,,0.0,HC20
3481104,0,,0.0,HC20
3479182,0,,0.0,HC20
3484035,0,,0.0,HC20
3481099,0,,0.0,HC20
3479009,1,Apto,100.0,HC20
3477873,1,Apto,100.0,HC20
3480201,1,Apto,100.0,HC20
3481247,1,Apto,100.0,HC20
3478962,1,Apto,100.0,HC20
3480579,1,Apto,100.0,HC20
3478195,1,Apto,100.0,HC20
3479202,1,Apto,100.0,HC20
3482847,1,Apto,100.0,HC20
3484033,1,Apto,100.0,HC20
3484067,0,,0.0,HC20
3479445,1,Apto,100.0,HC20
3482577,1,Apto,100.0,HC20
3480123,1,Apto,100.0,HC20
3479287,1,Apto,100.0,HC20
3477848,1,Apto,100.0,HC19
3481104,1,Apto,90.0,HC19
3483156,1,Apto,100.0,HC19
3481128,1,Apto,100.0,HC19
3482863,1,Apto,90.0,HC19
3481099,1,Apto,90.0,HC19
3479182,1,Apto,100.0,HC19
3482808,1,Apto,100.0,HC19
3479266,1,Apto,100.0,HC19
3484397,1,Apto,100.0,HC19
3482894,1,Apto,100.0,HC19
3481104,1,Apto,90.0,HC19
3482577,1,Apto,100.0,HC19
3480201,1,Apto,100.0,HC19
3482847,1,Apto,100.0,HC19
3481104,1,Apto,80.0,HC03
3481104,1,No apto,0.0,HC03
3482808,1,Apto,100.0,HC03
3484397,1,No apto,0.0,HC03
3482847,1,Apto,90.0,HC03
3479002,1,Apto,100.0,HC03
3479182,1,Apto,80.0,HC13
3482808,1,Apto,80.0,HC13
3478195,1,Apto,80.0,HC13
3479182,0,,0.0,HC13
3478195,0,,0.0,HC13
3481099,1,Apto,90.0,HC13
3484587,1,Apto,80.0,HC13
3481104,1,Apto,95.0,HC08
3479182,1,Apto,80.0,HC08
3482894,1,Apto,80.0,HC08
3481099,1,Apto,80.0,HC08
3482808,1,Apto,100.0,HC08
3479002,1,Apto,100.0,HC08
3482577,1,Apto,95.0,HC22
3479266,1,Apto,100.0,HC22
3481099,1,Apto,90.0,HC22
3483156,1,Apto,100.0,HC22
3482894,1,Apto,100.0,HC22
3481104,1,Apto,100.0,HC22
3482863,1,Apto,100.0,HC22
3481128,1,Apto,90.0,HC22
3479182,1,Apto,90.0,HC22
3482808,1,Apto,100.0,HC22
3482354,1,No apto,0.0,CG35
3479514,1,Apto,100.0,CG35
3481099,1,Apto,90.0,MU10
3481099,1,Apto,83.0,MU11
3488758,1,,93.1,CE001
3484067,1,,89.66,CE001
3482308,1,,89.66,CE001
3485764,1,,93.1,CE001
3479514,1,,93.1,CE001
3482354,1,,89.66,CE001
3485764,1,,93.1,CE001
3482894,1,,89.66,CE001
3480944,0,,0.0,CE001
3484207,1,,93.1,CE001
3484056,1,,89.66,CE001
3484033,1,,89.66,CE001
3484134,1,,93.1,CE001
3479261,1,,93.1,CE001
3480944,1,,89.66,CE001
3483156,1,,89.66,CE001
3477878,1,,89.66,CE001
3484098,1,,89.66,CE001
3481104,1,,89.66,CE001
3482863,1,,89.66,CE001
3484035,1,,89.66,CE001
3479266,1,,89.66,CE001
3478195,1,,89.66,CE001
3481099,1,,89.66,CE001
3479182,1,,89.66,CE001
3481128,1,,89.66,CE001
3482808,1,,89.66,CE001
3480211,1,,93.1,CE001
3479009,1,,89.66,CE001
3478927,1,,89.66,CE001
3479459,1,,89.66,CE001
3479287,1,,89.66,CE001
3478962,1,,89.66,CE001
3484587,1,,89.66,CE001
3479002,1,,89.66,CE001
3480123,1,,89.66,CE001
3480184,1,,89.66,CE001
3479164,1,,89.66,CE001
3484096,1,,96.55,CE001
3477873,1,,89.66,CE001
3479131,1,,93.1,CE001
3479202,1,,89.66,CE001
3479445,1,,93.1,CE001
3479511,1,,89.66,CE001
3481217,1,,93.1,CE001
3483814,1,,93.1,CE001
3484397,1,,89.66,CE001
3477848,1,,89.66,CE001
3483833,1,,89.66,CE001
3479511,1,,93.1,CE001
3480201,1,,93.1,CE001
3480201,1,,93.1,CE001
3480579,1,,89.66,CE001
3481247,1,,89.66,CE001
3483834,1,,93.1,CE001
3482847,1,,93.1,CE001
3482703,1,,89.66,CE001
3482577,1,,89.66,CE001
3482577,1,,93.1,CE001
3479189,1,,89.66,CE001
3484397,1,Apto,100.0,HME2051
3483834,1,Apto,76.0,HME2051
3483833,1,Apto,100.0,HME2051
3479202,1,Apto,100.0,CG38
3484134,1,Apto,100.0,CT0233
3478962,1,Apto,0.0,CT0234
3480123,1,Apto,90.0,CIE0120
3479459,1,Apto,84.0,CME0290
3482847,1,Apto,90.0,HME0390
3479445,1,Apto,90.0,HME0390
3482894,1,Apto,100.0,HME2102
3484587,1,Apto,90.0,HME2102
3484033,1,Apto,100.0,HME2102
3477873,1,Apto,100.0,HME2102
3482577,1,Apto,95.0,HME2102
3479002,1,Apto,100.0,HME2102
3484056,1,Apto,100.0,HME2102
3484096,1,Apto,90.0,HME2102
3484067,1,Apto,90.0,HME2102
3479202,1,Apto,100.0,HME0088
3479189,1,Apto,85.0,HME1354
3481247,1,Apto,85.0,HME1354
3479445,1,Apto,80.0,HME1354
3481247,1,No apto,30.0,HME1354
3480184,1,Apto,90.0,HME0073
3481247,1,,0.0,HME2072
3481247,1,Apto,70.0,HME2072
3484067,1,Apto,93.0,HME2072
3484587,1,Apto,87.0,HME2072
3483833,1,Apto,93.0,HME2072
3483834,1,Apto,90.0,HME2072
3484033,1,Apto,87.0,HME2072
3484056,1,Apto,90.0,HME2072
3480184,1,Apto,98.0,HME0928
3484397,1,,0.0,Course Number
3483833,1,,0.0,Course Number
3477873,1,,0.0,Course Number
3488758,1,,0.0,Course Number
3484067,1,,0.0,Course Number
3485764,1,,0.0,Course Number
3482354,0,,0.0,Course Number
3480201,1,,0.0,Course Number
3479445,1,,0.0,Course Number
3479445,1,,0.0,Course Number
3479514,1,,0.0,Course Number
3481217,1,,0.0,Course Number
3483814,0,,0.0,Course Number
3483814,1,,0.0,Course Number
3481247,1,,0.0,Course Number
3479131,0,,0.0,Course Number
3482894,1,,0.0,Course Number
3479002,1,,0.0,Course Number
3477848,1,,0.0,Course Number
3484134,1,,0.0,Course Number
3478962,1,,0.0,Course Number
3479459,1,,0.0,Course Number
3479459,1,,0.0,Course Number
3480579,1,,0.0,Course Number
3483834,1,,0.0,Course Number
3482577,1,,0.0,Course Number
3482577,1,,0.0,Course Number
3483814,1,Apto,91.0,CME0020
3482308,1,Apto,93.0,CME0020
3479511,1,Apto,93.0,CME0020
3481099,1,Apto,80.0,MU13
3483833,0,,0.0,ITPT0132
3479202,1,Apto,100.0,ITPT0114
3480123,1,Apto,100.0,ITPT0129
3479202,1,Apto,100.0,ITPT0015
3483833,1,Apto,90.0,ITPT0138
3484056,1,Apto,95.0,HME0199
3484067,1,Apto,95.0,HME0199
3484587,1,Apto,95.0,HME0199
3484033,1,Apto,85.0,HME0199
3484096,1,Apto,90.0,HME0199
3477873,1,Apto,80.0,HME0199
3479002,1,Apto,100.0,HME0199
3485764,1,Apto,70.0,HME2050
3477848,1,Apto,80.0,HME2050
3484397,1,Apto,100.0,HME2050
3481217,1,Apto,100.0,CPR0051
3482308,1,Apto,100.0,CPR0051
3479511,1,Apto,100.0,CPR0051
3479131,1,Apto,100.0,CPR0051
3479009,1,Apto,83.0,CPR0051
3483814,1,Apto,98.0,CPR0051
3482894,1,Apto,90.0,HME0925
3484587,1,Apto,85.0,HME0925
3484056,1,Apto,100.0,HME0925
3484033,1,Apto,100.0,HME0925
3477873,1,Apto,100.0,HME0925
3479002,1,Apto,100.0,HME0925
3488758,1,Apto,100.0,CE002
3484067,1,Apto,100.0,CE002
3479261,1,Apto,80.0,CE002
3482863,1,Apto,100.0,CE002
3482354,1,Apto,100.0,CE002
3485764,0,,0.0,CE002
3479514,1,Apto,95.0,CE002
3481217,1,Apto,100.0,CE002
3485764,1,Apto,100.0,CE002
3482894,1,Apto,100.0,CE002
3480944,1,Apto,85.0,CE002
3484207,1,Apto,85.0,CE002
3484056,1,Apto,100.0,CE002
3484033,1,Apto,100.0,CE002
3482308,1,Apto,85.0,CE002
3484134,1,Apto,100.0,CE002
3483834,1,Apto,100.0,CE002
3482703,1,Apto,100.0,CE002
3479189,1,Apto,100.0,CE002
3483156,1,Apto,100.0,CE002
3477878,1,Apto,95.0,CE002
3484098,1,Apto,100.0,CE002
3481104,1,Apto,90.0,CE002
3484035,1,Apto,100.0,CE002
3481099,1,Apto,70.0,CE002
3479266,1,Apto,100.0,CE002
3478195,1,Apto,95.0,CE002
3479182,1,Apto,100.0,CE002
3481128,1,Apto,100.0,CE002
3482808,1,Apto,100.0,CE002
3480211,1,Apto,100.0,CE002
3479009,1,Apto,100.0,CE002
3478927,1,Apto,90.0,CE002
3479459,1,Apto,100.0,CE002
3479287,1,Apto,85.0,CE002
3481247,1,Apto,100.0,CE002
3478962,1,Apto,100.0,CE002
3484096,1,Apto,90.0,CE002
3484587,1,Apto,100.0,CE002
3479002,1,Apto,100.0,CE002
3479164,1,Apto,90.0,CE002
3480123,1,Apto,100.0,CE002
3480184,1,Apto,100.0,CE002
3477873,1,Apto,100.0,CE002
3479131,1,Apto,90.0,CE002
3479445,1,Apto,90.0,CE002
3479202,1,Apto,100.0,CE002
3480201,1,Apto,100.0,CE002
3483814,1,Apto,90.0,CE002
3479511,1,Apto,100.0,CE002
3484397,1,Apto,100.0,CE002
3477848,1,Apto,100.0,CE002
3483833,1,Apto,90.0,CE002
3480579,1,Apto,85.0,CE002
3482847,1,Apto,100.0,CE002
3482577,1,Apto,85.0,CE002
3478962,1,Apto,80.0,CHI0295
3484397,1,Apto,90.0,HME0647
3483834,1,Apto,90.0,HME0647
3483833,1,Apto,90.0,HME0647
3480579,1,Apto,92.0,COP0062
3480579,1,Apto,95.0,COP0066
3488758,1,,0.0,WD016
3485764,0,,0.0,WD016
3481217,1,Apto,100.0,SOPTE17
3479514,1,Apto,100.0,SOPTE17
3481217,1,Apto,100.0,SOPTE18
3479514,1,Apto,100.0,SOPTE18
3479202,1,Apto,63.0,CG65
3480944,1,Apto,100.0,COP02OL
3482847,1,Apto,93.0,COP02OL
3480184,1,Apto,100.0,COP02OL
3478962,1,Apto,100.0,COP02OL
3479164,1,Apto,100.0,COP02OL
3478195,1,Apto,96.0,COP02OL
3480123,1,Apto,100.0,COP02OL
3477873,1,Apto,100.0,COP02OL
3481247,1,Apto,89.0,COP02OL
3484033,1,Apto,85.0,COP02OL
3480579,1,Apto,85.0,COP02OL
3484096,1,Apto,85.0,COP02OL
3484056,1,Apto,100.0,COP02OL
3484067,1,Apto,100.0,COP02OL
3479131,1,Apto,100.0,COP02OL
3479287,1,Apto,100.0,COP02OL
3483156,1,Apto,93.0,COP02OL
3477878,1,Apto,93.0,COP02OL
3480211,1,Apto,93.0,COP02OL
3479261,1,Apto,93.0,COP02OL
3479266,1,Apto,93.0,COP02OL
3484035,1,Apto,93.0,COP02OL
3481104,0,,0.0,COP02OL
3484098,0,,0.0,COP02OL
3485764,1,Apto,95.0,COPF13B0005
3479009,1,Apto,94.0,COPF13B0005
3479445,1,Apto,94.0,COPF13B0005
3479511,1,Apto,94.0,COPF13B0005
3481099,1,Apto,90.0,CG16
3479511,1,,0.0,
3477848,1,Apto,82.0,CAD00416
3484397,1,Apto,91.0,CAD00416
3483833,1,Apto,91.0,CAD00416
3479511,1,Apto,91.0,CAD00416
3483814,1,Apto,82.0,CAD00416
3485764,1,Apto,100.0,CAD00416
3482808,1,Apto,91.0,CAD00416
3482308,1,Apto,82.0,CAD00416
3478195,0,,0.0,CAD00416
3483834,1,Apto,82.0,CAD00416
3479131,1,Apto,91.0,CAD00416
3481128,1,Apto,82.0,CAD00416
3482703,1,Apto,82.0,CAD00416
3479189,1,Apto,82.0,CAD00416
3478962,1,Apto,82.0,CAD00416
3480579,1,Apto,91.0,CAD00416
3479202,1,Apto,91.0,CAD00416
3484067,1,Apto,100.0,CAD00416
3477873,1,Apto,82.0,CAD00416
3480201,1,Apto,82.0,CAD00416
3484033,1,Apto,82.0,CAD00416
3484056,1,Apto,82.0,CAD00416
3479459,1,Apto,82.0,CAD00416
3479009,0,,0.0,CAD00416
3484096,0,,0.0,CAD00416
3479287,0,,0.0,CAD00416
3479445,0,,0.0,CAD00416
3479002,0,,0.0,CAD00416
3482577,1,Apto,82.0,CAD00416
3479514,1,Apto,91.0,CAD00416
3481217,1,Apto,82.0,CAD00416
3485764,0,,0.0,WD017
3479459,1,Apto,100.0,HME4007
3483833,1,Apto,100.0,HME2602
3483834,1,Apto,100.0,HME2602
3483814,1,Apto,100.0,CG15
3479511,1,Apto,80.0,CG15
3480579,1,Apto,80.0,CG15
3488758,1,,0.0,WD015
3485764,0,,0.0,WD015
3484067,1,Apto,90.0,HME2026
3484587,1,Apto,95.0,HME2026
3484033,1,Apto,80.0,HME2026
3484056,1,Apto,80.0,HME2026
3484096,1,Apto,90.0,HME2026
3482577,1,Apto,90.0,HME2026
3479002,1,Apto,100.0,HME2026
3478962,1,Apto,100.0,HME1473
3478962,1,Apto,100.0,HME1477
3478962,1,Apto,100.0,HME1479
3478962,1,Apto,95.0,HME1476
3478962,1,Apto,90.0,HME1478
3478962,1,Apto,93.0,HME1478
3482354,1,Apto,100.0,SAP016
3479459,1,Apto,100.0,SAP016
3479459,1,Apto,100.0,SAP016
3479459,1,Apto,100.0,SAP016
3479164,1,Apto,92.0,PFI1
3479445,1,Apto,90.0,PFI1
3479514,1,Apto,100.0,CG08
3479164,1,Apto,88.0,PFI2
3479459,1,Apto,80.0,PFI2
3482308,1,Apto,100.0,CG09
3481217,1,No apto,70.0,CG09
3480201,1,Apto,85.0,PFI3
3479189,1,Apto,80.0,CG10
3479459,1,Apto,100.0,HME4011
3477878,1,Apto,90.0,HME1176
3484035,1,Apto,90.0,HME1176
3483814,1,Apto,80.0,HME1182
3483814,1,Apto,80.0,HME1185
3484134,1,Apto,80.0,HME1178
3483814,1,Apto,90.0,HME0630
3484035,1,Apto,100.0,HME1032
3484035,1,Apto,90.0,HME1033
3484033,1,Apto,100.0,HME1033
3484035,1,Apto,90.0,HME0098
3477878,1,Apto,100.0,HME0098
3484035,1,Apto,100.0,HME1035
3477878,1,Apto,100.0,HME0628
3484035,1,Apto,90.0,HME0628
3480123,1,Apto,80.0,HME1255
3479131,1,Apto,95.0,HME2128
3480211,0,,0.0,HME2124
3479131,1,Apto,90.0,HME2124
3479131,1,Apto,95.0,HME2129
3480211,1,Apto,90.0,HME2126
3479131,1,Apto,85.0,HME2126
3480211,1,Apto,90.0,HME2127
3479131,1,Apto,90.0,HME2127
3479002,0,,0.0,HME2127
3479002,1,Apto,80.0,HME2117
3481247,1,Apto,90.0,HME2117
3480123,1,Apto,90.0,HME2117
3479164,1,Apto,100.0,HME2117
3479131,1,Apto,90.0,HME2117
3482577,1,Apto,80.0,HME2100
3479002,1,Apto,73.0,HME2100
3480123,1,Apto,87.0,HME2100
3481247,1,Apto,75.0,HME2100
3479445,1,Apto,70.0,HME2100
3479164,1,Apto,78.0,HME2123
3480211,1,Apto,80.0,HME2123
3479131,1,Apto,75.0,HME2123
3479189,1,Apto,90.0,HME0655
3480123,1,Apto,95.0,HME0655
3484067,1,Apto,90.0,
3479131,1,Apto,90.0,
3480201,1,Apto,90.0,
3484397,1,Apto,100.0,
3477848,1,Apto,100.0,
3483814,1,Apto,100.0,
3483833,1,Apto,90.0,
3488758,1,Apto,100.0,
3477873,1,Apto,90.0,
3482703,1,Apto,100.0,
3483834,1,Apto,80.0,
3484587,1,Apto,100.0,
3479002,1,Apto,100.0,
3478927,1,Apto,100.0,
3479511,1,Apto,80.0,
3482847,1,Apto,100.0,
3485764,1,Apto,90.0,
3482308,0,,0.0,
3482577,1,Apto,90.0,
3479131,1,Apto,80.0,COMSF14A0001
3484035,1,Apto,90.0,COMSF14A0001
3488758,1,Apto,100.0,RV01
3485764,1,Apto,100.0,RV01
3482308,1,Apto,100.0,RV01
3483834,1,Apto,100.0,RV01
3479202,1,Apto,100.0,RV01
3478927,1,Apto,100.0,RV01
3481247,1,Apto,100.0,RV01
3483814,1,Apto,100.0,RV01
3484035,1,Apto,100.0,RV01
3482847,1,Apto,100.0,RV01
3480123,1,Apto,100.0,RV01
3479002,1,Apto,100.0,RV01
3480184,1,Apto,100.0,RV01
3479261,1,Apto,100.0,RV01
3479261,1,Apto,100.0,RV01
3484207,1,Apto,100.0,RV01
3484134,1,Apto,100.0,RV01
3478195,1,Apto,86.0,RV01
3484587,1,Apto,86.0,RV01
3481099,1,Apto,100.0,RV01
3482894,1,Apto,100.0,RV01
3477878,1,Apto,100.0,RV01
3479266,1,Apto,100.0,RV01
3484035,1,Apto,100.0,RV01
3481104,1,Apto,86.0,RV01
3481128,1,Apto,100.0,RV01
3479182,1,Apto,100.0,RV01
3484098,1,Apto,100.0,RV01
3479189,1,Apto,100.0,RV01
3483156,1,Apto,100.0,RV01
3482863,1,Apto,100.0,RV01
3479261,1,Apto,100.0,RV01
3480944,1,Apto,100.0,RV01
3482808,1,Apto,100.0,RV01
3480211,1,Apto,100.0,RV01
3482354,1,Apto,100.0,RV01
3478962,1,Apto,100.0,RV01
3482577,1,Apto,100.0,RV01
3479164,1,Apto,100.0,RV01
3479009,1,Apto,100.0,RV01
3479131,1,Apto,100.0,RV01
3484397,1,Apto,100.0,RV01
3482703,1,Apto,100.0,RV01
3483833,1,Apto,100.0,RV01
3479511,1,Apto,100.0,RV01
3477848,1,Apto,86.0,RV01
3480579,0,,0.0,RV01
3480579,1,Apto,100.0,RV01
3479514,1,Apto,100.0,RV01
3481217,1,Apto,100.0,RV01
3484067,1,Apto,100.0,RV01
3484056,1,Apto,100.0,RV01
3480201,1,Apto,100.0,RV01
3479287,1,Apto,100.0,RV01
3484096,1,Apto,86.0,RV01
3479445,1,Apto,86.0,RV01
3484033,1,Apto,100.0,RV01
3477873,1,Apto,100.0,RV01
3479459,1,Apto,100.0,RV01
3482894,1,Apto,95.0,HME2098
3479182,1,Apto,91.0,HME2098
3484056,1,Apto,70.0,HME2098
3484587,1,Apto,91.0,HME2098
3477873,1,Apto,82.0,HME2098
3479002,1,Apto,100.0,HME2098
3484033,1,Apto,85.0,HME2098
3484067,1,Apto,95.0,HME2098
3479002,0,,0.0,HME2098
3479002,0,,0.0,HME2098
3479182,1,Apto,100.0,HME2073
3484587,1,Apto,86.0,HME2073
3483833,1,Apto,86.0,HME2073
3483834,1,Apto,86.0,HME2073
3482894,1,Apto,90.0,HME2073
3484056,1,Apto,100.0,HME2073
3484033,1,Apto,100.0,HME2073
3477873,1,Apto,100.0,HME2073
3479131,1,Apto,90.0,HME2130
3480211,1,Apto,90.0,HME2130
3479164,1,Apto,95.0,HME2130
3480579,1,Apto,80.0,SOP00021
3478962,1,Apto,90.0,SOP00021
3478962,1,Apto,100.0,SOP00031
3480579,1,Apto,100.0,SOP00031
3479202,1,Apto,100.0,SOP00037
3479202,1,Apto,90.0,SOP00035
3480579,1,Apto,90.0,SOP00035
3478195,0,,0.0,FINSA-FLL-012
3479189,1,Apto,100.0,SOPTE07
3479131,1,Apto,100.0,SOPTE07
3481217,1,Apto,100.0,SOPTE15
3479514,1,Apto,100.0,SOPTE15
3483833,1,Apto,89.0,CMB0010
3484397,1,Apto,95.0,CMB0010
3483834,1,Apto,95.0,CMB0010
3477848,1,Apto,84.0,CMB0010
3481217,1,Apto,100.0,SOPTE16
3479514,1,Apto,100.0,SOPTE16
3483834,1,Apto,0.0,CT0213
3484134,1,Apto,0.0,CT0213
3484207,1,,0.0,
3483814,1,,0.0,
3482354,1,,0.0,
3482703,0,,0.0,
3479511,1,,0.0,
3479459,1,,0.0,
3479202,1,,0.0,
3477848,1,Apto,0.0,CG55
3482894,1,Apto,78.0,HME2061
3484096,1,Apto,89.0,HME2061
3484587,1,Apto,76.0,HME2061
3484067,1,Apto,73.0,HME2061
3484033,1,Apto,70.0,HME2061
3484056,1,Apto,73.0,HME2061
3479189,1,Apto,75.0,HME0064
3483833,1,Apto,92.0,HME0064
3480123,1,Apto,72.0,HME0064
3479002,1,Apto,80.0,HME0064
3482308,1,Apto,70.0,HME0064
3482703,1,Apto,93.0,HME0064
3479445,1,Apto,70.0,HME0064
3481247,1,Apto,71.0,HME0064
3481247,1,No apto,0.0,HME0064
3482847,1,Apto,80.0,HME1209
3485764,1,Apto,95.0,HME1201
3484397,1,Apto,78.0,HME1201
3484397,1,Apto,90.0,HME0922
3480123,1,Apto,95.0,HME0922
3478195,1,Apto,90.0,HME0922
3483834,1,Apto,70.0,HME0922
3483833,1,Apto,100.0,HME0922
3480123,1,Apto,85.0,HME1212
3481247,1,No apto,0.0,CME0240
3479009,1,Apto,89.0,CME0240
3479131,1,Apto,93.0,CME0240
3479131,0,,0.0,CME0240
3480123,1,Apto,100.0,HME1335
3485764,1,Apto,90.0,HME0923
3485764,1,No apto,30.0,HME0923
3477848,1,Apto,70.0,HME0923
3484397,1,Apto,90.0,HME0923
3479202,1,Apto,100.0,HME0101
3479202,1,Apto,100.0,HME0116
3478962,1,Apto,85.0,HME0196
3484067,1,Apto,95.0,HME0011
3484587,1,Apto,80.0,HME0011
3484096,1,Apto,85.0,HME0011
3484033,1,Apto,90.0,HME0011
3484056,1,Apto,85.0,HME0011
3477873,1,Apto,90.0,HME0011
3479189,1,Apto,90.0,HME0011
3480123,1,Apto,90.0,HME0111
3480211,0,,0.0,HME2142
3479002,1,Apto,85.0,HME2142
3479131,1,Apto,95.0,HME2142
3480123,1,Apto,90.0,HME0543
3484067,1,Apto,90.0,HME0543
3484056,1,Apto,85.0,HME0543
3484587,1,Apto,80.0,HME0543
3481247,1,Apto,90.0,HME0543
3479445,1,Apto,85.0,HME0543
3484096,1,Apto,90.0,HME0543
3484033,1,Apto,82.0,HME0543
3479002,1,Apto,95.0,HME0543
3482577,1,Apto,100.0,HME0543
